,Pattern,Count,Percent
0,"(6, 1)",143,39.94413407821229
1,"(1, 2)",53,14.804469273743019
2,"(6, 5)",29,8.100558659217876
3,"(1, 7)",7,1.9553072625698324
4,"(5, 1)",35,9.776536312849162
5,"(2, 6)",47,13.128491620111731
6,"(5, 3)",6,1.675977653631285
7,"(1, 3)",19,5.307262569832402
8,"(4, 1)",5,1.3966480446927374
9,"(2, 7)",1,0.27932960893854747
10,"(2, 5)",6,1.675977653631285
11,"(7, 6)",4,1.1173184357541899
12,"(3, 4)",2,0.5586592178770949
13,"(2, 4)",1,0.27932960893854747
